{
  "in_dim": 21,
  "hidden_dim": 16,
  "observations": 7,
  "running_loss": 0.25019001681341385,
  "parameters": [
    -0.08335650943555804,
    0.030993509799908794,
    -0.14878158371770117,
    -0.07838563649888826,
    -0.05864811285955255,
    0.0536824130655032,
    0.06575301460451967,
    0.10753175018574218,
    -0.22419792045847245,
    0.0063023971269258825,
    0.09964417428151054,
    -0.14725454600274418,
    -0.1052008589026205,
    0.02392763399850896,
    0.11239548165751491,
    -0.04302597190015371,
    0.08517857651268868,
    -0.15399081615991045,
    -0.03390508313911435,
    -0.12404083684582708,
    -0.10677447142505124,
    -0.021033737387162632,
    0.01714298036235024,
    0.007915719368989025,
    0.04082983835564477,
    -0.2297340965409913,
    -0.10253380834553623,
    0.060588116479669586,
    -0.11219678310209516,
    0.1773431159507643,
    0.047149579709785866,
    0.09283556931422321,
    -0.006423279893578344,
    0.1957519464613232,
    0.10059267543434913,
    -0.09086025638714135,
    0.008118744528320211,
    -0.049723805327265405,
    -0.07639212507911215,
    -0.13079074316395037,
    0.2041400961309199,
    0.035872565288891,
    -0.19381086394802938,
    -0.008652909540193661,
    -0.015987355985622387,
    0.14386822605314684,
    0.030805417710872713,
    0.01850319004160063,
    0.014960188808004204,
    -0.11849288409830339,
    0.039058246983685645,
    0.03865389973259276,
    -0.06462210048535089,
    0.04613236596261957,
    -0.16185243891124998,
    0.04799678502156013,
    -0.02061057937535883,
    -0.1871725726237529,
    0.0882825213465415,
    -0.10022402081826219,
    -0.03551746503481442,
    0.06266518007039525,
    -0.14588886847011115,
    0.03752766091792258,
    0.2022352776431775,
    0.017633258061598423,
    0.05212842388527742,
    0.04788242749603423,
    0.030461069484941865,
    -0.06410985311451295,
    -0.046654808907217585,
    -0.03418646290108933,
    0.037353618569323475,
    -0.021099917871596166,
    -0.03445728153839522,
    -0.08795993832148082,
    0.022529694259557042,
    0.035059062992973344,
    0.055595597315212554,
    0.027146244381628572,
    0.11144493282858509,
    0.0015987209430628096,
    0.08116245259761601,
    -0.00047551718816573425,
    -0.026509904446088604,
    0.06969804521041716,
    -0.025274311617053288,
    -0.014913702424699578,
    0.18248944075162218,
    0.1725706298098843,
    0.05929294086052747,
    -0.2976863495112165,
    -0.12281406667762136,
    0.1325506057906692,
    0.18812625137245492,
    -0.01353216101778228,
    -0.021517096458234786,
    0.11474573254099789,
    -0.13243531915768791,
    0.09399037145996098,
    -0.04076368938887257,
    0.1333968972422088,
    -0.05833143892638242,
    -0.035831003483225404,
    -0.12572907377001905,
    0.04362218211470167,
    -0.023691037344599753,
    0.11061211444106922,
    -0.02223173439546154,
    0.012515407954324962,
    0.06265035005906412,
    -0.015058681790398716,
    -0.011158695567046762,
    0.057667191559822285,
    -0.061673626181078835,
    -0.00048348455218253294,
    0.0777548360476794,
    0.03527681756550204,
    -0.06361880324360224,
    0.17572580870283636,
    0.0005980982788756117,
    0.21289148939718264,
    0.06923025859405262,
    -0.03652116034743152,
    0.1485573065499586,
    0.138295256035644,
    0.09261135873178922,
    0.029353424714573053,
    -0.008995827392481536,
    -0.10592199473957856,
    0.05310277488329567,
    0.007238727300191763,
    0.07048202094429241,
    0.048457779704598206,
    0.059316415751623754,
    0.11401349169922798,
    0.015582319925445856,
    -0.04352172971888847,
    0.0353428451678669,
    0.06247152858410228,
    0.19842427045454172,
    -0.0876133015464146,
    0.062263274253493345,
    0.14863287651873586,
    0.1453063085740898,
    -0.08817577953010253,
    0.15699809504191914,
    0.08517078492912392,
    0.08015816041137522,
    -0.0777655720379625,
    -0.116019408304689,
    -0.06790298487117015,
    0.1611200996789224,
    0.006670411853928437,
    -0.18770663590225828,
    -0.06168897439748947,
    0.014638963942432894,
    0.0859851936838847,
    -0.19474934632745122,
    0.04302360724604307,
    -0.09417734567595955,
    0.14051427725907448,
    0.11191502809276462,
    0.13142093584720535,
    -0.07944411141652447,
    0.07059450966270064,
    -0.11129268237777595,
    0.09169331868640643,
    0.11695395634064261,
    0.023525803943501053,
    -0.05863210930160062,
    -0.11228463137668386,
    0.027636545154192487,
    0.1256246819302731,
    0.15864869603483206,
    -0.0008688672797119408,
    0.00015979160006173717,
    0.09215814129762982,
    0.031202398832594545,
    -0.1306307557778004,
    0.040108436371219996,
    0.055023780511321924,
    0.03371343802169467,
    -0.06870519440099354,
    -0.036714475872211653,
    -0.03454829281800283,
    0.06407991017693009,
    0.09491960321955374,
    -0.033815940487447654,
    0.007994575510863163,
    -0.10652514561688961,
    -0.04602180642858156,
    -0.04222420951602507,
    -0.000497305439211984,
    -0.015462085812929871,
    -0.2916479700120962,
    0.11149947270680649,
    -0.01306927384438999,
    0.1172250629086197,
    -0.062338957604497806,
    -0.11317177247307267,
    0.009938719527296929,
    0.07743526512920368,
    -0.06220850342306226,
    -0.14490856588121878,
    0.10394910574930981,
    0.13004088081426174,
    -0.14647341656490992,
    -0.026301856902611723,
    0.028416721692214608,
    -0.10474144649120021,
    0.02230920620974615,
    0.01616268225660708,
    -0.12082443200479216,
    -0.04278403232024877,
    -0.042200599364174585,
    0.0013760924519490162,
    0.055844748738958276,
    -0.14436307839103027,
    -0.010223722444682434,
    0.0648483455163559,
    0.10975342950510358,
    -0.07496837428936312,
    -0.021945618229971126,
    -0.0048147922416959775,
    0.11873665717375106,
    0.11217401244487642,
    0.09753054328787841,
    0.028075790332487933,
    -0.08505484508296196,
    0.1371985715762327,
    0.08710070326401742,
    -0.027651205888140837,
    0.10956017710332618,
    -0.07388856597891748,
    0.054792965492044834,
    -0.038053936171019126,
    -0.1318253036821871,
    -0.13307238799807072,
    0.046766504790401925,
    -0.028285231558360546,
    -6.0902928013699314e-05,
    -0.04550660156680318,
    0.09698230633198834,
    -0.02722338361278007,
    0.218925572302359,
    0.022791283496571845,
    0.1650003294715104,
    0.19062702371012058,
    0.10851237878664971,
    -0.048455478892461275,
    0.07187314181021011,
    -0.046067007338599496,
    -0.02050352796624509,
    -0.05902280775477314,
    0.06609381436774057,
    -0.15326727488429964,
    -0.04846182647022985,
    0.0064252308184750105,
    -0.15568902862005513,
    -0.21336066769073578,
    -0.051925043878915125,
    0.07310189787369444,
    0.012079053135911946,
    0.08235335237664135,
    0.07199869452282089,
    -0.08089436330523735,
    0.195033777964104,
    -0.1726954178014033,
    0.015168873627028881,
    -0.11290370132960509,
    -0.029318176841487822,
    0.04485127890772867,
    -0.026970904965976646,
    -0.15004394972369897,
    -0.05985779243459431,
    -0.040458351333956005,
    -0.16791012375614073,
    -0.029267278403426245,
    -0.09012653792069475,
    0.07639408788102411,
    -0.0044955111779670445,
    -0.06643129818490444,
    -0.19920208577836918,
    0.03105023109444012,
    -0.018664434678493165,
    0.01982673290562019,
    0.003585651273629628,
    0.0718413804162978,
    -0.09147950275241329,
    0.0011559009837154102,
    0.01860208402839725,
    -0.04146603078123372,
    -0.04538934209003996,
    -0.018603502275438024,
    0.08263593584686407,
    0.14231286186313702,
    -0.04728040886741586,
    0.11680096550809445,
    -0.23753454792061657,
    0.060465892863957274,
    0.05215493625382548,
    -0.15260916091072319,
    0.2610150330671276,
    0.0032832180363439947,
    0.06186010660735927,
