{
  "in_dim": 21,
  "hidden_dim": 16,
  "observations": 3,
  "running_loss": 0.13894302229010588,
  "parameters": [
    -0.0796091778938167,
    0.041884932283716425,
    -0.14520297771035015,
    -0.07256256788828316,
    -0.05864811285955255,
    0.0536824130655032,
    0.06575301460451967,
    0.10753175018574218,
    -0.21252563439209576,
    0.014837688993061569,
    0.11481814616780026,
    -0.1425856315761935,
    -0.1052008589026205,
    0.02392763399850896,
    0.12406776772389162,
    -0.04302597190015371,
    0.08517857651268868,
    -0.15399081615991045,
    -0.022232797072737637,
    -0.12404083684582708,
    -0.10677447142505124,
    -0.009361451320785927,
    0.01850542496892772,
    0.01185634503171883,
    0.042102917584807775,
    -0.22763394376853394,
    -0.10253380834553623,
    0.060588116479669586,
    -0.11219678310209516,
    0.1773431159507643,
    0.051390514378855334,
    0.09593347570494071,
    -0.0009100648237880295,
    0.19744832032895102,
    0.10059267543434913,
    -0.09086025638714135,
    0.012359679197389683,
    -0.049723805327265405,
    -0.07639212507911215,
    -0.13079074316395037,
    0.20838103079998935,
    0.035872565288891,
    -0.19381086394802938,
    -0.0044119748711241875,
    -0.018997000894120115,
    0.13512483806863848,
    0.027938839884037555,
    0.01383064904296475,
    0.014960188808004204,
    -0.11849288409830339,
    0.039058246983685645,
    0.03865389973259276,
    -0.0740006386524065,
    0.039273537903865945,
    -0.17404453852842225,
    0.04424536975473789,
    -0.02061057937535883,
    -0.1871725726237529,
    0.0789039831794859,
    -0.10022402081826219,
    -0.03551746503481442,
    0.06266518007039525,
    -0.15526740663716673,
    0.03752766091792258,
    0.2022352776431775,
    0.008254719894542819,
    0.054659619670838926,
    0.05523554601059615,
    0.032871650076357534,
    -0.06018032658790965,
    -0.046654808907217585,
    -0.03418646290108933,
    0.037353618569323475,
    -0.021099917871596166,
    -0.02657023097112251,
    -0.08219211624523105,
    0.03278285999701157,
    0.03821388321988243,
    0.055595597315212554,
    0.027146244381628572,
    0.11933198339585781,
    0.0015987209430628096,
    0.08116245259761601,
    -0.00047551718816573425,
    -0.018622853878815893,
    0.06969804521041716,
    -0.025274311617053288,
    -0.007026651857426867,
    0.18036161996949854,
    0.1663905690468707,
    0.057268312662089836,
    -0.30098856525413265,
    -0.12281406667762136,
    0.1325506057906692,
    0.18812625137245492,
    -0.01353216101778228,
    -0.0281465010092551,
    0.10989810450327166,
    -0.14105354507401432,
    0.09133860963955284,
    -0.04076368938887257,
    0.1333968972422088,
    -0.06496084347740273,
    -0.035831003483225404,
    -0.12572907377001905,
    0.04362218211470167,
    -0.030320441895620068,
    0.11061211444106922,
    -0.02223173439546154,
    0.005886003403304652,
    0.06121844813137082,
    -0.01923622384901307,
    -0.012550164415519871,
    0.05542777082454075,
    -0.061673626181078835,
    -0.00048348455218253294,
    0.0777548360476794,
    0.03527681756550204,
    -0.06807989557410762,
    0.17246122284236615,
    -0.005201321750781398,
    0.21110705246498046,
    0.06923025859405262,
    -0.03652116034743152,
    0.14409621421945323,
    0.138295256035644,
    0.09261135873178922,
    0.029353424714573053,
    -0.013456919722986928,
    -0.10592199473957856,
    0.05310277488329567,
    0.002777634969686372,
    0.06912409281531433,
    0.044487087272370135,
    0.05798655222307244,
    0.11188296011944561,
    0.015582319925445856,
    -0.04352172971888847,
    0.0353428451678669,
    0.06247152858410228,
    0.1941876805228402,
    -0.09071621103671619,
    0.05675570734228133,
    0.14693824054605525,
    0.1453063085740898,
    -0.08817577953010253,
    0.1527615051102176,
    0.08517078492912392,
    0.08015816041137522,
    -0.0777655720379625,
    -0.12025599823639055,
    -0.06790298487117015,
    0.1611200996789224,
    0.002433821922226893,
    -0.18766946575284651,
    -0.06159349009987182,
    0.014654881810570902,
    0.08603135716524873,
    -0.19474934632745122,
    0.04302360724604307,
    -0.09417734567595955,
    0.14051427725907448,
    0.11203044204217728,
    0.13150339398372293,
    -0.07929407328228799,
    0.07064067524246571,
    -0.11129268237777595,
    0.09169331868640643,
    0.11706937029005528,
    0.023525803943501053,
    -0.05863210930160062,
    -0.11228463137668386,
    0.027751959103605155,
    0.1256246819302731,
    0.15864869603483206,
    -0.0007534533302992752,
    0.002428314382684479,
    0.0987531185160962,
    0.03337024600477637,
    -0.12710456690860092,
    0.040108436371219996,
    0.055023780511321924,
    0.03371343802169467,
    -0.06870519440099354,
    -0.029645805571260644,
    -0.029378323334292043,
    0.0732691815681664,
    0.09774707133993413,
    -0.033815940487447654,
    0.007994575510863163,
    -0.0994564753159386,
    -0.04602180642858156,
    -0.04222420951602507,
    -0.000497305439211984,
    -0.00839341551197886,
    -0.2916479700120962,
    0.11149947270680649,
    -0.006000603543438979,
    0.11900676275417826,
    -0.05716190597550116,
    -0.11147173152829022,
    0.012706361347576469,
    0.07743526512920368,
    -0.06220850342306226,
    -0.14490856588121878,
    0.10394910574930981,
    0.13558988477606795,
    -0.14241597679642612,
    -0.019088151752263617,
    0.0306363232769371,
    -0.10474144649120021,
    0.02230920620974615,
    0.02171168621841332,
    -0.12082443200479216,
    -0.04278403232024877,
    -0.042200599364174585,
    0.006925096413755253,
    0.055844748738958276,
    -0.14436307839103027,
    -0.004674718482876198,
    0.06483808319753857,
    0.10971757252315309,
    -0.0749862039240674,
    -0.021966585874083178,
    -0.0048147922416959775,
    0.11873665717375106,
    0.11217401244487642,
    0.09753054328787841,
    0.028041483541424883,
    -0.08508134303184105,
    0.13715397274785074,
    0.0870869805475922,
    -0.027651205888140837,
    0.10956017710332618,
    -0.07392287276998052,
    0.054792965492044834,
    -0.038053936171019126,
    -0.1318253036821871,
    -0.13310669478913376,
    0.046766504790401925,
    -0.028285231558360546,
    -9.520971907675012e-05,
    -0.04746805469069061,
    0.0912922305108395,
    -0.029079257662432287,
    0.21588776399898724,
    0.022791283496571845,
    0.1650003294715104,
    0.19062702371012058,
    0.10851237878664971,
    -0.05456759433651182,
    0.0674041707558639,
    -0.05401275741586522,
    -0.022948374143865313,
    -0.05902280775477314,
    0.06609381436774057,
    -0.15937939032835022,
    -0.04846182647022985,
    0.0064252308184750105,
    -0.15568902862005513,
    -0.21947278313478635,
    -0.051925043878915125,
    0.07310189787369444,
    0.005966937691861392,
    0.08562633600218908,
    0.08151414813244791,
    -0.0777635375680756,
    0.20012263942952113,
    -0.1726954178014033,
    0.015168873627028881,
    -0.11290370132960509,
    -0.029318176841487822,
    0.05504645316074455,
    -0.019514766277994776,
    -0.13679022319477835,
    -0.05577972273338796,
    -0.040458351333956005,
    -0.16791012375614073,
    -0.019072104150410364,
    -0.09012653792069475,
    0.07639408788102411,
    -0.0044955111779670445,
    -0.056236123931888565,
    -0.19920208577836918,
    0.03105023109444012,
    -0.00846926042547729,
    0.020683184446304983,
    0.0060569558134847545,
    0.07263282478762376,
    -0.09016459817972093,
    0.0011559009837154102,
    0.01860208402839725,
    -0.04146603078123372,
    -0.04538934209003996,
    -0.015938506678089322,
    0.08458150224906516,
    0.14577735613969034,
    -0.04621441062847637,
    0.11680096550809445,
    -0.23753454792061657,
    0.06313088846130598,
    0.05215493625382548,
    -0.15260916091072319,
    0.2610150330671276,
    0.005948213633692695,
    0.06186010660735927,
    0.09452362275622316,
