{
  "in_dim": 21,
  "hidden_dim": 16,
  "observations": 26,
  "running_loss": 0.22912444611232405,
  "parameters": [
    -0.09194751026139117,
    0.007725246928720864,
    -0.16097905218981848,
    -0.09282240299684151,
    -0.05864811285955255,
    0.0536824130655032,
    0.06575301460451967,
    0.10753175018574218,
    -0.2516378241651883,
    -0.01438982453402059,
    0.06461267154536587,
    -0.15844396484629247,
    -0.1052008589026205,
    0.02392763399850896,
    0.08495557795079904,
    -0.04302597190015371,
    0.08517857651268868,
    -0.15612538976853038,
    -0.0592104132372103,
    -0.12404083684582708,
    -0.10677447142505124,
    -0.04847364109387851,
    0.015464806314405789,
    0.0034894982035469147,
    0.038748035902674983,
    -0.23239813608619522,
    -0.10253380834553623,
    0.060588116479669586,
    -0.11219678310209516,
    0.1773431159507643,
    0.04191086222764522,
    0.08885186574195847,
    -0.013120980439554689,
    0.1936189154081981,
    0.10059267543434913,
    -0.09086025638714135,
    0.00288002704617956,
    -0.049723805327265405,
    -0.07639212507911215,
    -0.1311661837666387,
    0.19927681925146762,
    0.035872565288891,
    -0.19381086394802938,
    -0.013891627022334312,
    -0.00971038674941342,
    0.16077746197385945,
    0.03973375508792516,
    0.029030386539498083,
    0.014960188808004204,
    -0.11849288409830339,
    0.039058246983685645,
    0.03865389973259276,
    -0.04459402767481228,
    0.061230657448594794,
    -0.13631697185732022,
    0.05617502334569906,
    -0.02061057937535883,
    -0.1871725726237529,
    0.10831059415708012,
    -0.10022402081826219,
    -0.03551746503481442,
    0.06433527206963012,
    -0.12753088765880738,
    0.03752766091792258,
    0.2022352776431775,
    0.03766133087213702,
    0.04669642540799284,
    0.033252087719644614,
    0.022686572860806397,
    -0.07323835324026942,
    -0.046654808907217585,
    -0.03418646290108933,
    0.037353618569323475,
    -0.021099917871596166,
    -0.05181497273139375,
    -0.10103917834808228,
    0.00041579414610405934,
    0.027965620369958893,
    0.055595597315212554,
    0.027146244381628572,
    0.09408724163558656,
    0.0015987209430628096,
    0.08116245259761601,
    -0.001979178646316109,
    -0.042363934180936764,
    0.06969804521041716,
    -0.025274311617053288,
    -0.0322713936176981,
    0.18700672453854777,
    0.18473288586851566,
    0.06574301751000379,
    -0.29010245689775904,
    -0.12281406667762136,
    0.1325506057906692,
    0.18812625137245492,
    -0.01353216101778228,
    -0.007090242201370622,
    0.1256187054962305,
    -0.11405239695732389,
    0.09988510927389312,
    -0.04076368938887257,
    0.1333968972422088,
    -0.043904584669518264,
    -0.035831003483225404,
    -0.12572907377001905,
    0.04486214322656632,
    -0.010504144199600244,
    0.11061211444106922,
    -0.02223173439546154,
    0.02694226221118913,
    0.06720942094741446,
    -0.002659853371414548,
    -0.004242043766367924,
    0.06552122207229413,
    -0.061673626181078835,
    -0.00048348455218253294,
    0.0777548360476794,
    0.03527681756550204,
    -0.0489044195934305,
    0.18676597312964147,
    0.0193208193144607,
    0.2189125687604641,
    0.06923025859405262,
    -0.03652116034743152,
    0.1632716902001304,
    0.138295256035644,
    0.09261135873178922,
    0.030706683746700332,
    0.004365297225562927,
    -0.10592199473957856,
    0.05310277488329567,
    0.021953110950363508,
    0.07511325114381937,
    0.0610565329313225,
    0.06629756807425728,
    0.12197494765615677,
    0.015582319925445856,
    -0.04352172971888847,
    0.0353428451678669,
    0.06247152858410228,
    0.21338627444362443,
    -0.07638146932841158,
    0.08129260827677551,
    0.1547581018352107,
    0.1453063085740898,
    -0.08817577953010253,
    0.17196009903100185,
    0.08517078492912392,
    0.08015816041137522,
    -0.0763613348295449,
    -0.10246164152402396,
    -0.06790298487117015,
    0.1611200996789224,
    0.021632415843011083,
    -0.18671568002213776,
    -0.058940819717057,
    0.016356444361089472,
    0.08779391901951326,
    -0.19474934632745122,
    0.04302360724604307,
    -0.09417734567595955,
    0.14051427725907448,
    0.11519406511829937,
    0.13385426697183453,
    -0.07529421209865558,
    0.07194374074468997,
    -0.11129268237777595,
    0.09169331868640643,
    0.12023299336617736,
    0.023525803943501053,
    -0.05863210930160062,
    -0.11190846865892957,
    0.03053941946197297,
    0.1256246819302731,
    0.15864869603483206,
    0.0024101697458228286,
    -0.005120092092175966,
    0.07789952632256111,
    0.02353029411581807,
    -0.13956114726470295,
    0.040108436371219996,
    0.055023780511321924,
    0.03371343802169467,
    -0.06870519440099354,
    -0.05363155215770482,
    -0.04728113401958016,
    0.04253592731532509,
    0.08800336726884445,
    -0.033815940487447654,
    0.007994575510863163,
    -0.12344222190238277,
    -0.04602180642858156,
    -0.04222420951602507,
    -0.0019913598043324126,
    -0.0308851077333026,
    -0.2916479700120962,
    0.11149947270680649,
    -0.029986350129883148,
    0.11302417013717411,
    -0.07368581675741136,
    -0.11928598417509609,
    0.0028287092691798277,
    0.07743526512920368,
    -0.06220850342306226,
    -0.14490856588121878,
    0.10394910574930981,
    0.11658013473503653,
    -0.15660105802179342,
    -0.04344387111933617,
    0.02291343803176842,
    -0.10474144649120021,
    0.02230920620974615,
    0.002701936177381874,
    -0.12082443200479216,
    -0.04278403232024877,
    -0.04339045165173569,
    -0.010894801339715088,
    0.055844748738958276,
    -0.14436307839103027,
    -0.02368446852390764,
    0.06515378665592003,
    0.11058803034327375,
    -0.07447256308313512,
    -0.021405281154159652,
    -0.0048147922416959775,
    0.11873665717375106,
    0.11217401244487642,
    0.09753054328787841,
    0.029074842833168826,
    -0.08430770420969377,
    0.1384654200757942,
    0.08751096418139766,
    -0.027651205888140837,
    0.10956017710332618,
    -0.07288951347823656,
    0.054792965492044834,
    -0.038053936171019126,
    -0.1317189045111082,
    -0.13217973466846866,
    0.046766504790401925,
    -0.028285231558360546,
    0.0009381495726671921,
    -0.04223780611923821,
    0.10571867239368725,
    -0.02281083474675316,
    0.22429214030154893,
    0.022791283496571845,
    0.1650003294715104,
    0.19062702371012058,
    0.10851237878664971,
    -0.03810914056385822,
    0.07970115224582025,
    -0.03286318750121551,
    -0.016282852638203876,
    -0.05902280775477314,
    0.06609381436774057,
    -0.14292093655569657,
    -0.04846182647022985,
    0.0064252308184750105,
    -0.15486762865405518,
    -0.20383572932813265,
    -0.051925043878915125,
    0.07310189787369444,
    0.022425391464514995,
    0.0746233571673694,
    0.051141817484482106,
    -0.09213264010189212,
    0.18196240557115886,
    -0.1726954178014033,
    0.015168873627028881,
    -0.11290370132960509,
    -0.029318176841487822,
    0.020078943162356543,
    -0.04561179758021701,
    -0.18157216610900836,
    -0.06999200009396793,
    -0.040458351333956005,
    -0.16791012375614073,
    -0.05403961414879837,
    -0.09012653792069475,
    0.07639408788102411,
    -0.006748244790214778,
    -0.08895090031802881,
    -0.19920208577836918,
    0.03105023109444012,
    -0.04343677042386528,
    0.019228939910391957,
    0.0020763594220979307,
    0.07135932003304261,
    -0.09230445235974333,
    0.0011559009837154102,
    0.01860208402839725,
    -0.04146603078123372,
    -0.04538934209003996,
    -0.02037917445195566,
    0.08125172552010199,
    0.14002176951308595,
    -0.047996438231163514,
    0.11680096550809445,
    -0.23753454792061657,
    0.058690220687439634,
    0.05215493625382548,
    -0.15260916091072319,
    0.2609574281357215,
    0.0015651507912324565,
    0.06186010660735927,
    0.09452362275622316,
